{
  "created_at": "2025-12-21T23:03:40.745476",
  "version": "20251221_230340",
  "split_policy": "time_based",
  "threshold_policy": "percentile_on_val_normals",
  "default_threshold_percentile": 99.0,
  "percentiles_saved": [
    95.0,
    97.5,
    99.0,
    99.5,
    99.9
  ],
  "n_val": 42721,
  "n_val_normals": 42665,
  "feature_names": [
    "V1",
    "V2",
    "V3",
    "V4",
    "V5",
    "V6",
    "V7",
    "V8",
    "V9",
    "V10",
    "V11",
    "V12",
    "V13",
    "V14",
    "V15",
    "V16",
    "V17",
    "V18",
    "V19",
    "V20",
    "V21",
    "V22",
    "V23",
    "V24",
    "V25",
    "V26",
    "V27",
    "V28",
    "Amount",
    "Hour",
    "Hour_sin",
    "Hour_cos",
    "Amount_log",
    "Amount_sqrt",
    "Is_High_Amount",
    "Is_Zero_Amount",
    "V_mean",
    "V_std",
    "V_max",
    "V_min",
    "V_range",
    "Amount_Hour_interaction"
  ],
  "models": {
    "isolation_forest": {
      "score_direction": "higher_more_anomalous",
      "raw": {
        "mu": -0.08362547864697278,
        "sigma": 0.0500601778164201,
        "percentiles": {
          "95.0": 0.016719718792743234,
          "97.5": 0.0701385286584385,
          "99.0": 0.12599130323542926,
          "99.5": 0.1537402154456727,
          "99.9": 0.2166909814309889
        },
        "threshold_percentile": {
          "99.0": 0.12599130323542926
        }
      },
      "zscore": {
        "raw_mu": -0.08362547864697278,
        "raw_sigma": 0.0500601778164201,
        "percentiles": {
          "95.0": 2.004491430447977,
          "97.5": 3.071583322562142,
          "99.0": 4.187295991059109,
          "99.5": 4.741607090632184,
          "99.9": 5.999108936034496
        },
        "threshold_percentile": {
          "99.0": 4.187295991059109
        }
      }
    },
    "autoencoder": {
      "score_direction": "higher_more_anomalous",
      "raw": {
        "mu": 0.2060538012930353,
        "sigma": 0.5094595019178966,
        "percentiles": {
          "95.0": 0.45490285158157334,
          "97.5": 0.6362667918205264,
          "99.0": 1.0173686313629158,
          "99.5": 1.547372083663941,
          "99.9": 5.119004959106473
        },
        "threshold_percentile": {
          "99.0": 1.0173686313629158
        }
      },
      "zscore": {
        "raw_mu": 0.2060538012930353,
        "raw_sigma": 0.5094595019178966,
        "percentiles": {
          "95.0": 0.48845698107843327,
          "97.5": 0.8444498314545584,
          "99.0": 1.5925011252427879,
          "99.5": 2.632826117329086,
          "99.9": 9.643457702365515
        },
        "threshold_percentile": {
          "99.0": 1.5925011252427879
        }
      }
    },
    "vae": {
      "score_direction": "higher_more_anomalous",
      "raw": {
        "mu": 0.4468581913171152,
        "sigma": 0.5050251481688457,
        "percentiles": {
          "95.0": 0.879754245281219,
          "97.5": 1.0799419164657598,
          "99.0": 1.3796990156173707,
          "99.5": 1.689746398925782,
          "99.9": 4.074172664642404
        },
        "threshold_percentile": {
          "99.0": 1.3796990156173707
        }
      },
      "zscore": {
        "raw_mu": 0.4468581913171152,
        "raw_sigma": 0.5050251481688457,
        "percentiles": {
          "95.0": 0.8571772228248982,
          "97.5": 1.2535687132494733,
          "99.0": 1.847117569654923,
          "99.5": 2.4610422116902786,
          "99.9": 7.182443263424507
        },
        "threshold_percentile": {
          "99.0": 1.847117569654923
        }
      }
    },
    "deep_svdd": {
      "score_direction": "higher_more_anomalous",
      "raw": {
        "mu": 1.2560940073571375e-07,
        "sigma": 4.837331992151636e-06,
        "percentiles": {
          "95.0": 6.188088264025282e-08,
          "97.5": 6.188088264025282e-08,
          "99.0": 6.188088264025282e-08,
          "99.5": 6.188088264025282e-08,
          "99.9": 1.3999373422852795e-06
        },
        "threshold_percentile": {
          "99.0": 6.188088264025282e-08
        }
      },
      "zscore": {
        "raw_mu": 1.2560940073571375e-07,
        "raw_sigma": 4.837331992151636e-06,
        "percentiles": {
          "95.0": -0.01317431141771078,
          "97.5": -0.01317431141771078,
          "99.0": -0.01317431141771078,
          "99.5": -0.01317431141771078,
          "99.9": 0.263436113877879
        },
        "threshold_percentile": {
          "99.0": -0.01317431141771078
        }
      }
    }
  }
}