{
  "created_at": "2025-12-22T09:44:56.722238",
  "threshold_policy": "percentile_on_val_normals",
  "threshold_percentile": 99.0,
  "normalizers": {
    "isolation_forest": {
      "mu": -0.08362547864697278,
      "sigma": 0.0500601778164201
    },
    "autoencoder": {
      "mu": 0.2060538012930353,
      "sigma": 0.5094595019178966
    },
    "vae": {
      "mu": 0.4468696191547192,
      "sigma": 0.5016563832130504
    },
    "deep_svdd": {
      "mu": 1.2560940073571375e-07,
      "sigma": 4.837331992151636e-06
    }
  },
  "weights": {
    "isolation_forest": 0.25,
    "autoencoder": 0.25,
    "vae": 0.25,
    "deep_svdd": 0.25
  },
  "model_thresholds": {
    "isolation_forest": 4.187295991059109,
    "autoencoder": 1.5925011252427879,
    "vae": 1.8600909614318446,
    "deep_svdd": -0.01317431141771078
  },
  "ensemble_thresholds": {
    "average": 1.7865947636664117,
    "weighted": 1.7865947636664117,
    "max": 4.281314201625122
  },
  "available_models": [
    "isolation_forest",
    "autoencoder",
    "vae",
    "deep_svdd"
  ],
  "available_strategies": [
    "average",
    "weighted",
    "max"
  ],
  "stacking": null
}